<?xml version="1.0" encoding="UTF-8"?>
<metadata xml:lang="fr"><Esri><CreaDate>20170531</CreaDate><CreaTime>11593600</CreaTime><ArcGISFormat>1.0</ArcGISFormat><SyncOnce>TRUE</SyncOnce><DataProperties><lineage><Process ToolSource="c:\program files (x86)\arcgis\desktop10.1\ArcToolbox\Toolboxes\Data Management Tools.tbx\CalculateField" Date="20170531" Time="115936">CalculateField Lagain_crater_database Status Valid VB #</Process><Process ToolSource="c:\program files (x86)\arcgis\desktop10.1\ArcToolbox\Toolboxes\Data Management Tools.tbx\DefineProjection" Date="20170620" Time="100847">DefineProjection Lagain_crater_database GEOGCS['GCS_Mars_2000',DATUM['D_Mars_2000',SPHEROID['Mars_2000_IAU_IAG',3396190.0,169.8944472236118]],PRIMEM['Reference_Meridian',0.0],UNIT['Degree',0.0174532925199433]]</Process></lineage></DataProperties></Esri></metadata>
