<?xml version="1.0" encoding="UTF-8"?>
<metadata xml:lang="fr"><Esri><CreaDate>20170602</CreaDate><CreaTime>10351500</CreaTime><ArcGISFormat>1.0</ArcGISFormat><SyncOnce>TRUE</SyncOnce><DataProperties><lineage><Process ToolSource="c:\program files (x86)\arcgis\desktop10.3\ArcToolbox\Toolboxes\Data Management Tools.tbx\CalculateField" Date="20170602" Time="103515">CalculateField XYlagain_database_datation Diam_km "[Diam_km] /1000" VB #</Process><Process ToolSource="c:\program files (x86)\arcgis\desktop10.1\ArcToolbox\Toolboxes\Data Management Tools.tbx\DefineProjection" Date="20170704" Time="011518">DefineProjection Lagain_db PROJCS['Robinson_clon0_Mars_2000_Sphere',GEOGCS['GCS_Mars_2000_Sphere',DATUM['&lt;custom&gt;',SPHEROID['&lt;custom&gt;',3396190.0,0.0]],PRIMEM['Reference_Meridian',0.0],UNIT['Degree',0.0174532925199433]],PROJECTION['Robinson'],PARAMETER['False_Easting',0.0],PARAMETER['False_Northing',0.0],PARAMETER['Central_Meridian',0.0],UNIT['Meter',1.0]]</Process><Process ToolSource="c:\program files (x86)\arcgis\desktop10.1\ArcToolbox\Toolboxes\Data Management Tools.tbx\DefineProjection" Date="20170704" Time="011554">DefineProjection Lagain_db PROJCS['Mars2000 Equidistant Cylindrical clon0',GEOGCS['GCS_Mars_2000_Sphere',DATUM['D_Mars_2000_Sphere',SPHEROID['Mars_2000_Sphere_IAU_IAG',3396190.0,0.0]],PRIMEM['Reference_Meridian',0.0],UNIT['Degree',0.0174532925199433]],PROJECTION['Equidistant_Cylindrical'],PARAMETER['False_Easting',0.0],PARAMETER['False_Northing',0.0],PARAMETER['Central_Meridian',0.0],PARAMETER['Standard_Parallel_1',0.0],UNIT['Meter',1.0]]</Process><Process ToolSource="c:\program files (x86)\arcgis\desktop10.1\ArcToolbox\Toolboxes\Data Management Tools.tbx\DefineProjection" Date="20170704" Time="011634">DefineProjection Lagain_db GEOGCS['GCS_Mars_2000',DATUM['D_Mars_2000',SPHEROID['Mars_2000_IAU_IAG',3396190.0,0.0]],PRIMEM['Prime Meridian',0.0],UNIT['Degree',0.0174532925199433]]</Process></lineage></DataProperties></Esri></metadata>
